<?xml version="1.0" encoding="UTF-8"?>
<project-private xmlns="http://www.netbeans.org/ns/project-private/1">
    <editor-bookmarks xmlns="http://www.netbeans.org/ns/editor-bookmarks/2" lastBookmarkId="0"/>
    <open-files xmlns="http://www.netbeans.org/ns/projectui-open-files/2">
        <group>
            <file>file:/Users/hd/Desktop/FPTU/PRO192/PRO192-HOADNT/untitled%20folder/ProductManagement/src/sample/controllers/ProductList.java</file>
            <file>file:/Users/hd/Desktop/FPTU/PRO192/PRO192-HOADNT/untitled%20folder/ProductManagement/src/sample/controllers/Menu.java</file>
            <file>file:/Users/hd/Desktop/FPTU/PRO192/PRO192-HOADNT/untitled%20folder/ProductManagement/src/sample/view/ProductManagement.java</file>
            <file>file:/Users/hd/Desktop/FPTU/PRO192/PRO192-HOADNT/untitled%20folder/ProductManagement/src/sample/utils/Utils.java</file>
            <file>file:/Users/hd/Desktop/FPTU/PRO192/PRO192-HOADNT/untitled%20folder/ProductManagement/src/sample/dto/Product.java</file>
        </group>
    </open-files>
</project-private>
